ano,municipio,total_afiliados,edad_promedio,porcentaje_mujeres_afiliadas,porcentaje_hombres_afiliados,porcentaje_r_subsidiado,porcentaje_r_contributivo,porcentaje_r_especial,porcentaje_r_excepcion,porcentaje_e_ac,porcentaje_e_ae,porcentaje_poblacion_rural,porcentaje_poblacion_urbana,instituciones_municipio,veredas_municipio,promedio_ie_por_vereda,total_poblacion_municipio,cobertura_salud,cluster,proyeccion_poblacion_municipio,proyeccion_cobertura_salud
2022,almeida,1278,42.32,46.48,53.52,85.13,14.79,0.0,0.08,96.71,3.29,79.82,20.18,6.0,6.0,1.0,1997.0,64.0,0,2515.34,70.98
2022,aquitania,13909,33.92,49.2,50.8,92.85,6.66,0.0,0.5,98.78,1.16,59.8,40.2,25.0,19.0,1.32,16141.0,86.17,2,14986.21,80.84
2022,arcabuco,4361,35.55,49.92,50.08,84.87,15.02,0.0,0.11,98.28,1.72,57.15,42.85,4.0,4.0,1.0,6179.0,70.58,3,5435.61,72.57
2022,belen,6359,37.21,53.01,46.99,73.96,25.07,0.0,0.97,97.96,1.98,37.66,62.34,9.0,8.0,1.12,7841.0,81.1,1,7497.33,72.14
2022,berbeo,1300,41.41,50.46,49.54,90.0,9.23,0.0,0.77,98.85,1.15,71.08,28.92,5.0,5.0,1.0,1653.0,78.64,2,2522.23,74.13
2022,beteitiva,1301,42.96,51.73,48.27,74.87,24.9,0.0,0.23,97.16,2.84,80.43,19.57,7.0,7.0,1.0,2029.0,64.12,0,2566.4,66.96
2022,boavita,4336,41.94,50.69,49.31,86.76,11.37,0.0,1.87,98.87,0.9,51.18,48.82,24.0,17.0,1.41,5305.0,81.73,1,5816.29,76.66
2022,boyaca,4504,37.84,47.94,52.06,85.17,14.34,0.0,0.49,98.18,1.78,82.4,17.6,8.0,7.0,1.14,5342.0,84.31,2,5615.98,78.08
2022,briceno,1945,38.31,45.4,54.6,90.23,9.2,0.0,0.57,98.2,1.75,75.02,24.98,14.0,13.0,1.08,2274.0,85.53,2,3371.9,81.57
2022,buenavista,3944,39.66,48.66,51.34,92.93,6.8,0.0,0.28,98.23,1.77,80.12,19.88,22.0,20.0,1.1,4582.0,86.08,2,5479.84,77.09
2022,busbanza,553,39.2,53.16,46.84,79.93,19.89,0.0,0.18,98.01,1.81,58.87,41.13,1.0,1.0,1.0,1184.0,46.71,3,1711.7,69.44
2022,caldas,2342,40.61,51.41,48.59,91.29,8.67,0.0,0.04,99.1,0.9,89.63,10.37,7.0,7.0,1.0,3259.0,71.86,0,3541.69,70.52
2022,campohermoso,2356,38.24,47.75,52.25,87.48,10.99,0.0,1.53,98.94,1.02,72.08,27.92,26.0,25.0,1.04,3231.0,72.92,0,4132.31,81.66
2022,cerinza,2864,39.45,53.25,46.75,76.75,22.77,0.0,0.49,97.7,2.23,53.04,46.96,9.0,9.0,1.0,3850.0,74.39,3,4167.55,70.48
2022,chinavita,2402,41.12,49.79,50.21,88.72,10.7,0.0,0.58,98.21,1.75,59.62,40.38,8.0,8.0,1.0,3348.0,71.74,3,3684.71,71.14
2022,chiquinquira,63308,34.71,52.63,47.37,47.14,49.22,0.02,3.61,95.73,3.95,11.67,88.33,16.0,15.0,1.07,59518.0,106.37,1,62043.26,120.09
2022,chiquiza,4314,35.94,47.26,52.74,93.86,6.0,0.0,0.14,99.42,0.58,90.39,9.61,12.0,12.0,1.0,4913.0,87.81,2,5571.4,82.31
2022,chiscas,2982,40.29,49.46,50.54,91.42,6.44,0.0,2.15,99.7,0.3,75.74,24.26,27.0,24.0,1.12,4114.0,72.48,0,4691.99,81.99
2022,chita,7340,35.68,48.86,51.14,89.14,9.31,0.0,1.55,99.17,0.83,72.67,27.33,36.0,24.0,1.5,8210.0,89.4,2,8851.89,88.67
2022,chitaraque,5150,34.77,45.84,54.16,93.92,5.44,0.0,0.64,99.57,0.43,77.58,22.42,14.0,12.0,1.17,6105.0,84.36,2,6392.02,85.39
2022,chivata,1974,36.52,50.66,49.34,78.72,20.82,0.0,0.46,97.01,2.99,80.6,19.4,3.0,3.0,1.0,2933.0,67.3,0,3086.56,73.87
2022,chivor,1704,39.02,44.01,55.99,88.03,11.5,0.0,0.47,97.24,2.76,71.31,28.69,9.0,9.0,1.0,2604.0,65.44,0,3027.97,77.92
2022,cienega,3741,36.85,50.17,49.83,91.26,8.42,0.0,0.32,99.17,0.8,71.3,28.7,10.0,9.0,1.11,4847.0,77.18,2,4969.74,75.69
2022,combita,7498,36.24,52.15,47.85,85.0,14.43,0.0,0.57,98.11,1.73,87.59,12.41,15.0,7.0,2.14,13762.0,54.48,0,8460.37,52.18
2022,coper,2614,40.39,45.22,54.78,87.95,11.25,0.0,0.8,97.97,2.03,73.12,26.88,24.0,10.0,2.4,3742.0,69.86,0,3922.33,77.11
2022,corrales,1651,37.6,51.0,49.0,60.57,39.25,0.0,0.18,97.09,2.85,36.91,63.09,3.0,3.0,1.0,2631.0,62.75,3,2859.54,72.07
2022,covarachia,2605,39.0,47.41,52.59,94.36,5.53,0.0,0.12,99.5,0.5,79.54,20.46,16.0,13.0,1.23,2884.0,90.33,2,3992.67,81.51
2022,cubara,9071,27.44,49.91,50.09,89.09,9.32,0.0,1.6,97.61,2.32,76.78,23.22,21.0,20.0,1.05,11069.0,81.95,2,10373.27,86.96
2022,cucaita,3148,32.99,50.38,49.62,88.21,11.72,0.0,0.06,98.28,1.72,58.26,41.74,4.0,4.0,1.0,3927.0,80.16,2,4277.28,76.62
2022,cuitiva,1409,37.47,53.23,46.77,88.29,11.43,0.0,0.28,98.15,1.7,83.55,16.45,2.0,2.0,1.0,1878.0,75.03,0,2512.25,72.49
2022,el cocuy,3782,36.47,49.02,50.98,85.06,12.43,0.0,2.51,99.44,0.42,45.27,54.73,22.0,8.0,2.75,4354.0,86.86,1,5026.74,84.86
2022,el espino,2098,39.03,51.67,48.33,88.51,9.68,0.0,1.81,99.57,0.43,53.79,46.21,12.0,12.0,1.0,3166.0,66.27,3,3526.78,76.58
2022,firavitoba,4106,38.98,52.0,48.0,75.38,24.62,0.0,0.0,97.59,2.39,61.42,38.58,9.0,8.0,1.12,7047.0,58.27,3,5305.69,61.64
2022,floresta,2839,40.96,53.29,46.71,84.18,15.08,0.0,0.74,99.12,0.81,61.48,38.52,11.0,11.0,1.0,3383.0,83.92,2,4188.63,71.93
2022,gachantiva,2447,37.26,47.4,52.6,89.74,9.4,0.0,0.86,99.14,0.82,77.31,22.69,9.0,9.0,1.0,2905.0,84.23,2,3725.12,82.56
2022,gameza,3934,34.79,51.09,48.91,75.24,24.48,0.0,0.28,96.37,3.56,70.86,29.14,11.0,8.0,1.38,5061.0,77.73,2,5124.26,73.11
2022,garagoa,16039,38.44,51.49,48.51,54.44,41.29,0.0,4.27,96.23,3.27,29.11,70.89,16.0,16.0,1.0,19002.0,84.41,1,16982.62,78.47
2022,guacamayas,1277,41.0,52.62,47.38,91.7,7.36,0.0,0.94,99.37,0.63,64.05,35.95,6.0,4.0,1.5,1925.0,66.34,3,2483.05,70.33
2022,guateque,8825,39.76,51.66,48.34,56.17,38.33,0.0,5.5,96.59,2.9,28.14,71.86,6.0,6.0,1.0,11274.0,78.28,1,9805.11,80.93
2022,guayata,2542,44.46,47.52,52.48,89.1,10.78,0.0,0.12,98.31,1.69,64.54,35.46,11.0,11.0,1.0,3480.0,73.05,3,3899.85,69.21
2022,iza,1536,34.92,50.07,49.93,68.88,30.99,0.0,0.13,96.48,3.52,38.34,61.66,3.0,3.0,1.0,2045.0,75.11,3,2747.27,75.68
2022,jenesano,5514,37.73,50.07,49.93,90.71,9.01,0.0,0.27,98.93,1.07,73.99,26.01,16.0,16.0,1.0,7601.0,72.54,0,6866.71,69.53
2022,jerico,3408,36.56,47.62,52.38,79.25,20.42,0.0,0.32,96.98,2.85,66.37,33.63,17.0,11.0,1.55,4068.0,83.78,2,4721.97,76.75
2022,la capilla,1940,43.71,48.61,51.39,90.88,8.45,0.0,0.67,99.38,0.62,60.16,39.84,6.0,6.0,1.0,2796.0,69.38,3,3182.78,72.1
2022,la uvita,2085,40.93,50.74,49.26,81.58,17.17,0.0,1.25,97.22,2.69,53.43,46.57,11.0,8.0,1.38,3146.0,66.27,3,3393.99,70.23
2022,la victoria,986,40.39,46.96,53.04,89.15,10.04,0.0,0.81,98.78,1.22,60.44,39.56,9.0,9.0,1.0,1173.0,84.06,2,2363.67,79.33
2022,labranzagrande,2869,38.42,45.14,54.86,84.14,14.67,0.0,1.19,97.63,2.37,64.53,35.47,22.0,11.0,2.0,3659.0,78.41,2,4211.58,81.93
2022,macanal,3066,41.67,48.6,51.4,88.06,11.15,0.0,0.78,98.04,1.7,74.73,25.27,18.0,18.0,1.0,5235.0,58.57,0,4592.34,66.38
2022,maripi,4632,38.66,45.66,54.34,92.75,6.78,0.0,0.47,99.29,0.67,84.1,15.9,28.0,22.0,1.27,5948.0,77.87,0,6188.83,81.12
2022,miraflores,7759,39.76,49.25,50.75,69.57,27.45,0.0,2.98,96.25,3.27,38.24,61.76,19.0,19.0,1.0,9301.0,83.42,1,9163.71,77.68
2022,mongua,3254,36.73,53.47,46.53,76.58,23.08,0.0,0.34,97.45,2.55,55.24,44.76,17.0,6.0,2.83,4828.0,67.4,3,4444.45,64.39
2022,mongui,3241,36.7,54.12,45.88,73.93,25.61,0.0,0.46,97.93,1.97,45.53,54.47,8.0,7.0,1.14,4397.0,73.71,3,4480.3,70.35
2022,moniquira,24554,37.64,50.46,49.54,63.45,33.47,0.01,3.07,97.71,1.96,46.75,53.25,29.0,28.0,1.04,23841.0,102.99,1,25429.98,97.32
2022,motavita,4384,33.97,51.19,48.81,84.31,15.28,0.0,0.41,96.94,3.03,83.84,16.16,7.0,7.0,1.0,5884.0,74.51,0,5498.92,73.63
2022,muzo,7450,36.04,46.11,53.89,80.52,18.85,0.0,0.63,98.46,1.32,32.93,67.07,22.0,17.0,1.29,8918.0,83.54,1,8818.45,81.58
2022,nobsa,8726,36.79,53.08,46.92,60.52,39.43,0.0,0.05,96.58,3.23,66.28,33.72,2.0,2.0,1.0,16976.0,51.4,3,9519.07,42.17
2022,nuevo colon,4448,37.44,47.41,52.59,92.22,7.51,0.0,0.27,98.88,1.12,78.3,21.7,11.0,11.0,1.0,5364.0,82.92,2,5691.25,78.62
2022,oicata,1805,37.11,51.69,48.31,77.12,22.66,0.0,0.22,97.73,2.27,82.97,17.03,4.0,3.0,1.33,3001.0,60.15,0,2921.07,70.59
2022,otanche,6594,35.24,48.01,51.99,81.16,17.97,0.0,0.86,97.06,2.65,53.91,46.09,37.0,37.0,1.0,8414.0,78.37,3,8568.95,74.82
2022,pachavita,1659,45.1,47.74,52.26,88.07,11.75,0.0,0.18,98.37,1.63,76.24,23.76,9.0,9.0,1.0,2567.0,64.63,0,2975.95,68.91
2022,paez,2502,37.66,47.76,52.24,84.13,13.63,0.0,2.24,97.44,2.2,55.59,44.41,23.0,23.0,1.0,3405.0,73.48,3,4241.48,81.23
2022,paipa,34575,35.37,50.98,49.02,42.26,57.0,0.07,0.68,95.42,4.1,37.87,62.13,14.0,14.0,1.0,35687.0,96.88,1,34575.1,86.5
2022,pajarito,1759,34.88,50.31,49.69,75.55,23.02,0.0,1.42,96.76,3.07,57.16,42.84,4.0,4.0,1.0,2493.0,70.56,3,2955.27,77.38
2022,panqueba,1405,39.46,50.53,49.47,88.54,10.32,0.0,1.14,99.36,0.64,49.83,50.17,7.0,7.0,1.0,1762.0,79.74,1,2722.19,77.56
2022,pauna,5769,38.98,48.0,52.0,90.05,9.36,0.0,0.59,98.77,0.97,68.47,31.53,39.0,28.0,1.39,7462.0,77.31,2,7483.19,78.56
2022,paya,1855,31.96,46.63,53.37,92.29,6.85,0.0,0.86,98.98,1.02,77.71,22.29,14.0,6.0,2.33,2737.0,67.77,0,3069.27,83.38
2022,pesca,5891,36.26,49.07,50.93,89.83,9.85,0.0,0.32,98.74,1.22,65.03,34.97,18.0,14.0,1.29,7031.0,83.79,2,7182.13,77.98
2022,pisba,1493,33.05,47.29,52.71,89.48,9.31,0.0,1.21,98.46,1.54,66.81,33.19,12.0,11.0,1.09,1847.0,80.83,2,2895.7,86.74
2022,puerto boyaca,49673,33.61,49.48,50.52,59.58,39.03,0.0,1.4,94.79,4.61,27.82,72.18,43.0,39.0,1.1,49643.0,100.06,1,49742.33,100.13
2022,quipama,4202,40.67,44.41,55.59,87.58,11.54,0.0,0.88,98.55,1.43,70.53,29.47,24.0,20.0,1.2,5141.0,81.74,2,5743.53,81.22
2022,ramiriqui,8779,35.15,50.94,49.06,81.11,17.31,0.0,1.57,98.41,1.33,56.82,43.18,13.0,13.0,1.0,10436.0,84.12,2,9920.02,77.54
2022,raquira,5405,33.4,49.66,50.34,82.76,16.93,0.0,0.31,98.45,1.3,66.98,33.02,17.0,17.0,1.0,8341.0,64.8,3,6806.05,72.19
2022,rondon,1961,40.42,49.46,50.54,90.21,9.23,0.0,0.56,98.88,1.12,71.99,28.01,12.0,9.0,1.33,2492.0,78.69,2,3271.7,74.99
2022,saboya,9926,35.34,49.97,50.03,92.18,7.62,0.0,0.2,99.11,0.83,90.45,9.55,47.0,21.0,2.24,14309.0,69.37,0,11193.25,73.86
2022,sachica,4361,30.99,50.54,49.46,89.8,10.16,0.0,0.05,99.59,0.41,50.99,49.01,3.0,3.0,1.0,5813.0,75.02,3,5416.75,80.89
2022,samaca,21197,31.03,47.55,52.45,48.86,50.63,0.0,0.51,97.13,2.34,58.8,41.2,21.0,19.0,1.11,19437.0,109.05,1,21935.26,103.6
2022,san eduardo,1441,40.09,49.97,50.03,88.27,10.48,0.0,1.25,98.82,0.9,52.6,47.4,6.0,5.0,1.2,1732.0,83.2,1,2690.85,76.77
2022,san jose de pare,4250,38.71,45.81,54.19,92.56,7.32,0.0,0.12,98.21,1.79,77.69,22.31,9.0,9.0,1.0,5213.0,81.53,2,5443.11,77.14
2022,san luis de gaceno,3710,37.55,48.57,51.43,86.09,12.24,0.0,1.67,98.06,1.75,53.87,46.13,33.0,32.0,1.03,5742.0,64.61,3,5668.56,75.67
2022,san mateo,3048,41.74,50.13,49.87,84.81,12.2,0.0,2.99,98.98,1.02,61.44,38.56,24.0,14.0,1.71,3504.0,86.99,2,4478.72,83.37
2022,san miguel de sema,2205,39.04,50.7,49.3,77.46,22.31,0.0,0.23,97.87,2.04,83.8,16.2,8.0,6.0,1.33,3130.0,70.45,0,3391.63,71.83
2022,san pablo de borbur,5504,36.25,45.4,54.6,86.26,13.55,0.0,0.18,97.02,2.93,86.45,13.55,32.0,26.0,1.23,6944.0,79.26,2,7136.76,78.28
2022,santa maria,2644,38.31,47.58,52.42,75.34,23.71,0.0,0.95,97.77,1.97,39.92,60.08,18.0,18.0,1.0,3675.0,71.95,3,4254.52,77.32
2022,santa rosa de viterbo,6441,38.41,53.3,46.7,76.49,22.92,0.0,0.59,97.31,2.62,38.27,61.73,15.0,15.0,1.0,13836.0,46.55,3,7786.22,43.6
2022,santa sofia,2231,37.07,49.75,50.25,89.02,10.76,0.0,0.22,98.74,1.26,65.76,34.24,7.0,7.0,1.0,3332.0,66.96,3,3480.07,74.52
2022,santana,7290,35.0,47.31,52.69,85.43,13.13,0.0,1.44,98.23,1.69,64.4,35.6,7.0,6.0,1.17,7972.0,91.45,2,8274.76,85.39
2022,sativanorte,1838,41.64,46.08,53.92,80.85,18.61,0.0,0.54,97.28,2.67,66.62,33.38,15.0,11.0,1.36,2280.0,80.61,2,3224.92,76.18
2022,sativasur,864,40.71,48.38,51.62,70.25,29.28,0.0,0.46,94.21,5.56,70.12,29.88,3.0,3.0,1.0,1138.0,75.92,2,2047.86,68.86
2022,siachoque,6224,33.47,48.6,51.4,90.44,9.08,0.0,0.48,98.94,0.98,81.32,18.68,12.0,9.0,1.33,7056.0,88.21,2,7318.08,83.13
2022,soata,9170,39.66,50.24,49.76,58.24,34.72,0.0,7.03,97.26,2.55,27.06,72.94,14.0,11.0,1.27,9295.0,98.66,1,10287.3,96.69
2022,socha,8197,33.72,46.69,53.31,43.33,54.4,0.0,2.27,95.35,4.32,45.04,54.96,19.0,16.0,1.19,8328.0,98.43,1,9477.84,92.44
2022,socota,6859,35.37,45.4,54.6,70.21,28.98,0.0,0.8,96.94,2.86,77.46,22.54,35.0,34.0,1.03,7556.0,90.78,2,8687.17,84.15
2022,somondoco,1743,47.28,50.37,49.63,90.13,9.01,0.0,0.86,98.11,1.89,75.32,24.68,9.0,9.0,1.0,3011.0,57.89,0,3057.73,63.78
2022,sora,2248,35.91,49.11,50.89,86.88,12.46,0.0,0.67,97.42,2.54,81.62,18.38,6.0,6.0,1.0,3178.0,70.74,0,3436.65,78.43
2022,soraca,5380,33.89,50.99,49.01,84.26,15.46,0.0,0.28,97.47,2.43,72.38,27.62,9.0,9.0,1.0,6299.0,85.41,2,6530.1,76.84
2022,sotaquira,5650,35.81,49.47,50.53,72.94,26.8,0.0,0.27,97.2,2.65,86.92,13.08,19.0,19.0,1.0,8601.0,65.69,0,7063.21,70.88
2022,susacon,2019,42.5,48.79,51.21,92.87,6.34,0.0,0.79,99.7,0.3,75.52,24.48,12.0,10.0,1.2,2798.0,72.16,0,3350.71,74.71
2022,sutamarchan,5272,34.88,49.03,50.97,86.57,13.2,0.0,0.23,97.91,2.07,62.57,37.43,12.0,9.0,1.33,6463.0,81.57,2,6445.31,76.74
2022,sutatenza,2948,42.68,50.68,49.32,83.24,16.69,0.0,0.07,97.49,2.44,80.47,19.53,10.0,9.0,1.11,4413.0,66.8,0,4196.84,64.99
2022,tasco,4776,35.75,49.27,50.73,57.77,41.44,0.0,0.8,96.55,3.27,69.94,30.06,17.0,7.0,2.43,6107.0,78.21,2,5898.33,76.88
2022,tenza,2927,43.46,49.57,50.43,79.64,19.3,0.0,1.06,98.43,1.37,68.3,31.7,10.0,10.0,1.0,4013.0,72.94,0,4229.62,71.68
2022,tibana,6823,39.12,50.37,49.63,92.5,6.71,0.0,0.79,99.21,0.79,78.71,21.29,17.0,14.0,1.21,9479.0,71.98,0,8045.23,69.92
2022,tibasosa,6840,36.49,52.0,48.0,72.7,27.05,0.0,0.25,96.42,3.46,65.36,34.64,9.0,8.0,1.12,13774.0,49.66,3,7904.55,47.51
2022,tinjaca,2163,36.95,49.47,50.53,86.64,12.94,0.0,0.42,97.73,2.27,74.83,25.17,10.0,9.0,1.11,3469.0,62.35,0,3458.99,73.44
2022,tipacoque,3137,38.89,49.98,50.02,89.93,9.24,0.0,0.83,99.27,0.73,69.7,30.3,8.0,6.0,1.33,3442.0,91.14,2,4306.15,78.14
2022,toca,8565,33.06,50.04,49.96,76.33,22.8,0.0,0.86,98.04,1.77,49.49,50.51,9.0,8.0,1.12,9229.0,92.81,1,9578.27,82.04
2022,togui,4035,35.77,47.34,52.66,94.37,5.58,0.0,0.05,99.36,0.64,83.78,16.22,11.0,7.0,1.57,4520.0,89.27,2,5166.36,81.22
2022,topaga,2683,35.1,53.3,46.7,68.84,30.82,0.0,0.34,96.24,3.69,68.74,31.26,4.0,3.0,1.33,3797.0,70.66,0,3784.36,69.73
2022,tota,4470,34.31,48.84,51.16,92.62,7.09,0.0,0.29,98.68,1.32,81.12,18.88,14.0,14.0,1.0,5435.0,82.24,2,5797.8,79.81
2022,tunungua,1346,36.65,47.77,52.23,93.46,6.17,0.0,0.37,98.66,1.34,80.68,19.32,5.0,5.0,1.0,1625.0,82.83,2,2548.31,80.54
2022,turmeque,5142,39.13,49.86,50.14,89.36,8.63,0.0,2.0,99.14,0.84,64.06,35.94,12.0,10.0,1.2,6391.0,80.46,2,6348.89,77.21
2022,tuta,6336,35.87,51.48,48.52,77.34,21.94,0.0,0.73,97.35,2.56,69.19,30.81,16.0,9.0,1.78,8742.0,72.48,0,7447.3,71.39
2022,tutaza,1591,37.76,52.17,47.83,93.46,5.85,0.0,0.69,99.62,0.38,89.49,10.51,9.0,7.0,1.29,2131.0,74.66,0,2826.07,76.08
2022,umbita,5618,38.27,48.45,51.55,90.67,8.12,0.0,1.21,98.61,1.39,83.94,16.06,21.0,20.0,1.05,7878.0,71.31,0,7068.49,74.52
2022,ventaquemada,12296,34.57,50.28,49.72,84.98,14.53,0.0,0.5,97.89,1.99,82.58,17.42,10.0,10.0,1.0,16662.0,73.8,0,13134.07,67.88
2022,villa de leyva,14445,34.15,50.6,49.4,56.28,42.57,0.04,1.11,94.7,4.99,49.51,50.49,7.0,6.0,1.17,17282.0,83.58,1,15122.74,71.57
2022,viracacha,2191,39.56,48.88,51.12,93.2,6.62,0.0,0.18,98.81,1.19,82.69,17.31,9.0,7.0,1.29,2946.0,74.37,0,3410.6,73.99
2022,zetaquira,3934,38.25,49.36,50.64,89.32,9.66,0.0,1.02,97.59,2.36,72.16,27.84,17.0,12.0,1.42,4832.0,81.42,2,5242.92,76.33
2023,almeida,1285,42.7,47.55,52.45,88.79,11.13,0.08,0.0,99.84,0.0,78.62,21.38,6.0,6.0,1.0,2030.0,63.3,0,2524.24,72.77
2023,aquitania,13746,34.48,49.0,51.0,93.25,6.24,0.51,0.0,99.93,0.0,59.15,40.85,25.0,19.0,1.32,16319.0,84.23,2,14832.03,77.68
2023,arcabuco,4715,35.48,49.84,50.16,79.11,20.74,0.15,0.0,99.72,0.0,56.44,43.56,4.0,4.0,1.0,6265.0,75.26,3,5774.37,75.57
2023,belen,6511,37.08,53.0,47.0,74.12,24.91,0.97,0.0,99.69,0.0,37.19,62.81,9.0,8.0,1.12,7914.0,82.27,1,7643.09,73.56
2023,berbeo,1295,42.12,50.5,49.5,89.5,9.81,0.69,0.0,100.0,0.0,70.37,29.63,5.0,5.0,1.0,1664.0,77.82,2,2518.78,73.19
2023,beteitiva,1289,42.91,51.36,48.64,76.73,23.04,0.23,0.0,99.61,0.0,79.63,20.37,7.0,7.0,1.0,2047.0,62.97,0,2556.45,69.65
2023,boavita,4294,41.84,50.05,49.95,86.05,12.04,1.91,0.0,99.84,0.0,50.45,49.55,24.0,17.0,1.41,5368.0,79.99,1,5777.6,76.25
2023,boyaca,4504,38.2,48.0,52.0,86.12,13.39,0.49,0.0,99.91,0.0,81.71,18.29,8.0,7.0,1.14,5392.0,83.53,2,5617.26,78.54
2023,briceno,1962,38.81,45.26,54.74,88.94,10.45,0.61,0.0,99.95,0.0,73.88,26.12,14.0,13.0,1.08,2297.0,85.42,2,3390.21,82.6
2023,buenavista,4014,39.95,48.08,51.92,91.16,8.57,0.27,0.0,99.93,0.0,79.27,20.73,22.0,20.0,1.1,4626.0,86.77,2,5548.14,77.46
2023,busbanza,883,38.01,50.17,49.83,56.17,43.6,0.23,0.0,100.0,0.0,58.32,41.68,1.0,1.0,1.0,1202.0,73.46,3,2027.29,79.72
2023,caldas,2301,40.57,51.37,48.63,90.61,9.3,0.09,0.0,99.96,0.0,88.38,11.62,7.0,7.0,1.0,3296.0,69.81,0,3504.92,70.41
2023,campohermoso,2333,38.89,47.92,52.08,89.71,8.83,1.46,0.0,100.0,0.0,71.46,28.54,26.0,25.0,1.04,3259.0,71.59,0,4111.53,79.63
2023,cerinza,2945,39.81,52.22,47.78,74.19,25.4,0.41,0.0,99.86,0.0,52.58,47.42,9.0,9.0,1.0,3912.0,75.28,3,4245.62,71.83
2023,chinavita,2373,41.77,50.06,49.94,89.34,10.07,0.59,0.0,99.87,0.0,58.91,41.09,8.0,8.0,1.0,3373.0,70.35,3,3658.38,70.94
2023,chiquinquira,63415,35.19,52.85,47.15,50.67,45.71,3.63,0.0,99.46,0.0,11.53,88.47,16.0,15.0,1.07,60138.0,105.45,1,62145.52,122.73
2023,chiquiza,4180,36.7,47.06,52.94,94.5,5.36,0.14,0.0,99.98,0.0,89.42,10.58,12.0,12.0,1.0,4971.0,84.09,2,5445.46,80.23
2023,chiscas,2846,40.44,48.88,51.12,92.38,5.38,2.25,0.0,99.93,0.0,74.66,25.34,27.0,24.0,1.12,4155.0,68.5,0,4564.35,79.45
2023,chita,7408,35.85,48.76,51.24,87.28,11.2,1.51,0.0,99.81,0.0,71.89,28.11,36.0,24.0,1.5,8317.0,89.07,2,8918.15,85.74
2023,chitaraque,5266,35.02,46.26,53.74,93.83,5.55,0.63,0.0,99.91,0.0,76.6,23.4,14.0,12.0,1.17,6185.0,85.14,2,6504.41,85.07
2023,chivata,2069,36.95,50.85,49.15,79.56,20.01,0.43,0.0,99.61,0.0,79.83,20.17,3.0,3.0,1.0,2960.0,69.9,0,3178.54,76.08
2023,chivor,1691,39.03,44.12,55.88,89.06,10.41,0.53,0.0,100.0,0.0,70.72,29.28,9.0,9.0,1.0,2640.0,64.05,0,3016.67,80.6
2023,cienega,3757,37.46,49.91,50.09,91.8,7.88,0.32,0.0,99.92,0.0,70.45,29.55,10.0,9.0,1.11,4894.0,76.77,2,4986.56,74.78
2023,combita,7422,36.82,51.99,48.01,84.64,15.09,0.27,0.0,99.85,0.0,86.59,13.41,15.0,7.0,2.14,13896.0,53.41,0,8389.77,51.32
2023,coper,2488,41.21,45.34,54.66,88.5,10.69,0.8,0.0,99.56,0.0,72.27,27.73,24.0,10.0,2.4,3798.0,65.51,0,3803.8,74.53
2023,corrales,1703,37.42,51.85,48.15,60.48,39.4,0.12,0.0,99.41,0.0,36.36,63.64,3.0,3.0,1.0,2662.0,63.97,3,2910.13,73.68
2023,covarachia,2641,39.42,47.56,52.44,94.59,5.34,0.08,0.0,99.96,0.0,78.96,21.04,16.0,13.0,1.23,2904.0,90.94,2,4028.06,80.11
2023,cubara,9812,27.45,50.3,49.7,89.88,8.67,1.45,0.0,99.97,0.0,75.87,24.13,21.0,20.0,1.05,11175.0,87.8,2,11081.31,89.06
2023,cucaita,3144,33.22,50.51,49.49,88.26,11.67,0.06,0.0,99.97,0.0,57.51,42.49,4.0,4.0,1.0,3980.0,78.99,2,4274.86,77.38
2023,cuitiva,1410,37.26,52.48,47.52,87.23,12.41,0.35,0.0,99.43,0.0,82.73,17.27,2.0,2.0,1.0,1899.0,74.25,0,2514.72,72.72
2023,el cocuy,3679,36.99,48.84,51.16,86.6,10.85,2.56,0.0,99.89,0.0,44.83,55.17,22.0,8.0,2.75,4377.0,84.05,1,4929.37,83.26
2023,el espino,2086,38.91,51.34,48.66,88.59,9.64,1.77,0.0,99.86,0.0,53.0,47.0,12.0,12.0,1.0,3217.0,64.84,3,3516.8,74.61
2023,firavitoba,4083,39.48,52.09,47.91,75.53,24.47,0.0,0.0,99.85,0.0,60.66,39.34,9.0,8.0,1.12,7109.0,57.43,3,5285.18,63.05
2023,floresta,2867,41.18,53.68,46.32,83.89,15.35,0.77,0.0,99.97,0.0,60.96,39.04,11.0,11.0,1.0,3422.0,83.78,2,4216.28,72.41
2023,gachantiva,2419,38.27,46.63,53.37,88.26,10.87,0.87,0.0,99.92,0.0,76.45,23.55,9.0,9.0,1.0,2939.0,82.31,2,3700.02,81.62
2023,gameza,3907,35.13,50.91,49.09,76.63,23.09,0.28,0.0,99.87,0.0,70.05,29.95,11.0,8.0,1.38,5112.0,76.43,2,5100.02,76.83
2023,garagoa,15920,38.96,51.68,48.32,57.83,37.86,4.31,0.0,99.43,0.0,28.8,71.2,16.0,16.0,1.0,19208.0,82.88,1,16869.76,77.59
2023,guacamayas,1238,41.35,53.96,46.04,90.71,8.32,0.97,0.0,99.68,0.0,63.17,36.83,6.0,4.0,1.5,1952.0,63.42,3,2447.51,66.89
2023,guateque,8757,40.1,51.62,48.38,60.61,33.76,5.63,0.0,99.68,0.0,27.76,72.24,6.0,6.0,1.0,11400.0,76.82,1,9740.99,80.25
2023,guayata,2563,45.01,48.03,51.97,88.14,11.71,0.16,0.0,99.8,0.0,64.3,35.7,11.0,11.0,1.0,3501.0,73.21,3,3920.31,70.83
2023,iza,1588,34.9,50.44,49.56,71.1,28.78,0.13,0.0,99.75,0.0,38.21,61.79,3.0,3.0,1.0,2078.0,76.42,1,2797.08,80.74
2023,jenesano,5567,38.0,50.1,49.9,89.71,10.06,0.23,0.0,99.95,0.0,73.18,26.82,16.0,16.0,1.0,7666.0,72.62,0,6918.73,70.81
2023,jerico,3450,36.55,48.14,51.86,78.78,20.87,0.35,0.0,99.57,0.0,65.38,34.62,17.0,11.0,1.55,4133.0,83.47,2,4763.84,80.51
2023,la capilla,1927,44.01,49.04,50.96,90.76,8.67,0.57,0.0,99.95,0.0,59.2,40.8,6.0,6.0,1.0,2821.0,68.31,3,3172.17,70.02
2023,la uvita,1949,41.23,49.97,50.03,85.94,12.78,1.28,0.0,99.9,0.0,52.8,47.2,11.0,8.0,1.38,3184.0,61.21,3,3265.52,71.99
2023,la victoria,958,41.57,46.97,53.03,90.4,8.77,0.84,0.0,99.79,0.0,60.83,39.17,9.0,9.0,1.0,1177.0,81.39,2,2336.26,79.24
2023,labranzagrande,2876,38.49,45.51,54.49,86.23,12.73,1.04,0.0,99.79,0.0,63.99,36.01,22.0,11.0,2.0,3685.0,78.05,2,4219.25,82.31
2023,macanal,3089,41.81,47.94,52.06,89.28,10.13,0.58,0.0,99.94,0.0,73.98,26.02,18.0,18.0,1.0,5295.0,58.34,0,4615.65,67.5
2023,maripi,4553,39.03,45.14,54.86,92.75,6.74,0.51,0.0,99.96,0.0,82.96,17.04,28.0,22.0,1.27,6016.0,75.68,0,6115.63,80.14
2023,miraflores,7793,39.81,50.07,49.93,72.35,24.56,3.09,0.0,99.85,0.0,37.71,62.29,19.0,19.0,1.0,9400.0,82.9,1,9197.1,79.41
2023,mongua,3219,36.99,53.84,46.16,77.48,22.21,0.31,0.0,99.91,0.0,54.75,45.25,17.0,6.0,2.83,4886.0,65.88,3,4411.99,65.7
2023,mongui,3195,37.37,54.27,45.73,74.15,25.45,0.41,0.0,99.81,0.0,45.05,54.95,8.0,7.0,1.14,4453.0,71.75,3,4437.33,71.91
2023,moniquira,26908,38.12,51.16,48.84,63.95,33.17,2.88,0.0,99.65,0.0,46.2,53.8,29.0,28.0,1.04,24083.0,111.73,1,27674.92,105.11
2023,motavita,4410,34.37,50.86,49.14,85.92,13.81,0.27,0.0,99.73,0.0,82.98,17.02,7.0,7.0,1.0,5946.0,74.17,0,5525.3,75.98
2023,muzo,7338,36.65,46.47,53.53,82.22,17.14,0.64,0.0,99.82,0.0,32.48,67.52,22.0,17.0,1.29,9016.0,81.39,1,8712.53,79.99
2023,nobsa,9085,37.21,53.03,46.97,59.06,40.85,0.09,0.0,99.54,0.0,65.56,34.44,2.0,2.0,1.0,17167.0,52.92,3,9862.61,46.42
2023,nuevo colon,4473,37.84,47.35,52.65,91.86,7.87,0.27,0.0,99.87,0.0,77.28,22.72,11.0,11.0,1.0,5431.0,82.36,2,5716.97,78.19
2023,oicata,1794,37.6,52.56,47.44,75.7,24.08,0.22,0.0,99.61,0.0,82.41,17.59,4.0,3.0,1.33,3007.0,59.66,0,2911.62,70.83
2023,otanche,6587,35.13,48.19,51.81,82.75,16.41,0.83,0.0,99.89,0.0,53.17,46.83,37.0,37.0,1.0,8541.0,77.12,3,8563.65,76.8
2023,pachavita,1592,46.02,48.12,51.88,90.45,9.3,0.25,0.0,100.0,0.0,75.67,24.33,9.0,9.0,1.0,2573.0,61.87,0,2913.14,68.38
2023,paez,2470,37.91,48.34,51.66,86.52,11.05,2.43,0.0,99.92,0.0,55.05,44.95,23.0,23.0,1.0,3433.0,71.95,3,4211.97,81.77
2023,paipa,35463,35.78,51.47,48.53,45.06,54.22,0.72,0.0,99.33,0.0,37.46,62.54,14.0,14.0,1.0,36078.0,98.3,1,35422.33,90.86
2023,pajarito,1770,35.05,49.83,50.17,77.12,21.81,1.07,0.0,99.32,0.0,56.63,43.37,4.0,4.0,1.0,2527.0,70.04,3,2966.74,80.19
2023,panqueba,1366,40.13,49.78,50.22,87.63,11.13,1.24,0.0,99.27,0.0,48.89,51.11,7.0,7.0,1.0,1794.0,76.14,3,2686.75,75.38
2023,pauna,5666,39.83,48.08,51.92,90.43,8.9,0.67,0.0,99.96,0.0,67.69,32.31,39.0,28.0,1.39,7546.0,75.09,2,7386.45,77.18
2023,paya,1860,32.36,46.72,53.28,91.77,7.58,0.65,0.0,99.78,0.0,76.8,23.2,14.0,6.0,2.33,2763.0,67.32,0,3075.72,81.69
2023,pesca,5845,36.97,48.93,51.07,90.38,9.27,0.34,0.0,99.97,0.0,64.21,35.79,18.0,14.0,1.29,7116.0,82.14,2,7139.8,75.76
2023,pisba,1495,33.47,47.36,52.64,88.96,10.03,1.0,0.0,99.87,0.0,66.38,33.62,12.0,11.0,1.09,1859.0,80.42,2,2898.4,84.45
2023,puerto boyaca,49850,34.05,49.73,50.27,62.2,36.42,1.38,0.0,99.56,0.0,27.49,72.51,43.0,39.0,1.1,50160.0,99.38,1,49911.66,102.12
2023,quipama,4151,41.52,44.81,55.19,86.1,13.01,0.89,0.0,99.81,0.0,69.8,30.2,24.0,20.0,1.2,5209.0,79.69,2,5696.26,79.75
2023,ramiriqui,8702,35.56,50.69,49.31,81.94,16.49,1.57,0.0,99.89,0.0,56.18,43.82,13.0,13.0,1.0,10542.0,82.55,2,9847.81,78.18
2023,raquira,5533,33.43,50.32,49.68,84.04,15.63,0.33,0.0,99.78,0.0,66.25,33.75,17.0,17.0,1.0,8441.0,65.55,3,6929.41,72.13
2023,rondon,1895,40.96,48.65,51.35,92.45,6.97,0.58,0.0,99.95,0.0,70.91,29.09,12.0,9.0,1.33,2513.0,75.41,2,3210.78,74.76
2023,saboya,9908,35.78,49.64,50.36,92.2,7.59,0.21,0.0,99.88,0.0,89.43,10.57,47.0,21.0,2.24,14471.0,68.47,0,11177.98,72.74
2023,sachica,4426,31.01,50.86,49.14,90.85,9.08,0.07,0.0,99.8,0.0,50.32,49.68,3.0,3.0,1.0,5868.0,75.43,3,5479.95,77.85
2023,samaca,22180,31.03,47.87,52.13,51.42,48.08,0.5,0.0,99.39,0.0,58.11,41.89,21.0,19.0,1.11,19645.0,112.9,1,22873.57,108.59
2023,san eduardo,1455,40.87,50.1,49.9,89.55,8.93,1.51,0.0,99.93,0.0,52.25,47.75,6.0,5.0,1.2,1755.0,82.91,1,2704.84,74.5
2023,san jose de pare,4170,39.28,45.52,54.48,93.67,6.19,0.14,0.0,100.0,0.0,76.64,23.36,9.0,9.0,1.0,5274.0,79.07,2,5368.79,77.7
2023,san luis de gaceno,3708,37.61,48.95,51.05,87.94,10.41,1.65,0.0,99.95,0.0,53.36,46.64,33.0,32.0,1.03,5810.0,63.82,3,5667.6,75.44
2023,san mateo,2967,42.17,49.75,50.25,84.63,12.37,3.0,0.0,99.93,0.0,60.69,39.31,24.0,14.0,1.71,3526.0,84.15,2,4402.9,81.31
2023,san miguel de sema,2226,39.39,50.13,49.87,76.73,23.0,0.27,0.0,99.73,0.0,82.76,17.24,8.0,6.0,1.33,3167.0,70.29,0,3413.57,73.76
2023,san pablo de borbur,5662,36.72,45.11,54.89,88.48,11.3,0.21,0.0,99.91,0.0,85.38,14.62,32.0,26.0,1.23,7027.0,80.57,2,7289.35,81.68
2023,santa maria,2691,38.7,47.83,52.17,78.82,20.29,0.89,0.0,99.96,0.0,39.27,60.73,18.0,18.0,1.0,3687.0,72.99,3,4300.52,78.02
2023,santa rosa de viterbo,6611,38.64,52.94,47.06,76.57,22.83,0.61,0.0,99.7,0.0,37.81,62.19,15.0,15.0,1.0,13989.0,47.26,3,7949.12,47.71
2023,santa sofia,2345,37.09,49.81,50.19,89.34,10.41,0.26,0.0,99.87,0.0,64.91,35.09,7.0,7.0,1.0,3374.0,69.5,3,3590.32,76.67
2023,santana,7555,35.39,47.7,52.3,85.81,12.83,1.36,0.0,99.96,0.0,63.72,36.28,7.0,6.0,1.17,8088.0,93.41,2,8528.62,85.68
2023,sativanorte,1841,41.6,46.61,53.39,81.86,17.6,0.54,0.0,99.67,0.0,66.42,33.58,15.0,11.0,1.36,2293.0,80.29,2,3228.15,77.8
2023,sativasur,859,40.58,49.94,50.06,69.03,30.62,0.35,0.0,99.77,0.0,69.13,30.87,3.0,3.0,1.0,1150.0,74.7,2,2044.93,76.39
2023,siachoque,6096,34.02,48.46,51.54,90.44,9.07,0.49,0.0,99.9,0.0,80.36,19.64,12.0,9.0,1.33,7124.0,85.57,2,7197.84,81.76
2023,soata,9379,40.14,50.11,49.89,59.01,33.82,7.16,0.0,99.51,0.0,26.81,73.19,14.0,11.0,1.27,9423.0,99.53,1,10486.99,95.23
2023,socha,8561,33.59,46.79,53.21,44.75,53.07,2.18,0.0,99.04,0.0,44.53,55.47,19.0,16.0,1.19,8432.0,101.53,1,9825.76,96.79
2023,socota,6939,35.48,44.68,55.32,70.51,28.62,0.86,0.0,99.76,0.0,76.62,23.38,35.0,34.0,1.03,7627.0,90.98,2,8764.98,87.88
2023,somondoco,1752,47.22,50.06,49.94,87.9,10.9,1.2,0.0,99.94,0.0,74.21,25.79,9.0,9.0,1.0,3048.0,57.48,0,3068.36,66.27
2023,sora,2242,36.74,49.2,50.8,88.63,10.97,0.4,0.0,99.96,0.0,80.69,19.31,6.0,6.0,1.0,3210.0,69.84,0,3432.65,77.44
2023,soraca,5732,33.66,50.84,49.16,81.79,17.95,0.26,0.0,99.9,0.0,71.65,28.35,9.0,9.0,1.0,6352.0,90.24,2,6866.99,81.32
2023,sotaquira,5482,36.36,49.47,50.53,74.74,24.99,0.27,0.0,99.85,0.0,85.86,14.14,19.0,19.0,1.0,8710.0,62.94,0,6905.03,70.31
2023,susacon,1931,42.94,48.42,51.58,92.91,6.68,0.41,0.0,99.9,0.0,74.59,25.41,12.0,10.0,1.2,2830.0,68.23,0,3268.55,71.57
2023,sutamarchan,5333,35.12,48.47,51.53,88.24,11.53,0.23,0.0,99.81,0.0,61.9,38.1,12.0,9.0,1.33,6532.0,81.64,2,6504.69,78.55
2023,sutatenza,2895,43.51,50.67,49.33,84.42,15.54,0.03,0.0,99.72,0.0,79.39,20.61,10.0,9.0,1.11,4469.0,64.78,0,4148.32,64.24
2023,tasco,4798,36.17,48.67,51.33,57.19,42.02,0.79,0.0,99.33,0.0,69.08,30.92,17.0,7.0,2.43,6170.0,77.76,2,5920.89,78.26
2023,tenza,2936,43.64,49.8,50.2,79.6,19.35,1.06,0.0,99.66,0.0,67.54,32.46,10.0,10.0,1.0,4064.0,72.24,0,4239.61,72.58
2023,tibana,6766,39.89,50.46,49.54,91.84,7.32,0.84,0.0,99.9,0.0,77.81,22.19,17.0,14.0,1.21,9575.0,70.66,0,7992.56,67.81
2023,tibasosa,7141,36.31,51.48,48.52,74.7,25.05,0.25,0.0,99.78,0.0,64.7,35.3,9.0,8.0,1.12,13925.0,51.28,3,8192.7,52.9
2023,tinjaca,2176,36.65,49.68,50.32,86.67,12.91,0.41,0.0,99.82,0.0,73.86,26.14,10.0,9.0,1.11,3496.0,62.24,0,3473.18,73.76
2023,tipacoque,3115,39.33,49.47,50.53,90.47,9.02,0.51,0.0,99.97,0.0,68.93,31.07,8.0,6.0,1.33,3495.0,89.13,2,4286.6,76.3
2023,toca,8808,33.12,50.14,49.86,77.88,21.21,0.91,0.0,99.74,0.0,48.92,51.08,9.0,8.0,1.12,9329.0,94.42,1,9810.96,84.94
2023,togui,4164,36.06,47.45,52.55,94.38,5.57,0.05,0.0,99.98,0.0,82.65,17.35,11.0,7.0,1.57,4582.0,90.88,2,5291.41,80.66
2023,topaga,2806,35.24,52.32,47.68,67.89,31.79,0.32,0.0,99.86,0.0,67.93,32.07,4.0,3.0,1.33,3832.0,73.23,0,3903.11,75.63
2023,tota,4466,34.69,48.9,51.1,93.98,5.69,0.34,0.0,99.98,0.0,80.1,19.9,14.0,14.0,1.0,5502.0,81.17,2,5795.87,81.12
2023,tunungua,1387,36.97,47.51,52.49,91.06,8.58,0.36,0.0,100.0,0.0,80.39,19.61,5.0,5.0,1.0,1627.0,85.25,2,2587.93,81.5
2023,turmeque,5063,39.5,50.11,49.89,90.08,7.9,2.01,0.0,99.84,0.0,63.27,36.73,12.0,10.0,1.2,6455.0,78.44,2,6275.05,74.42
2023,tuta,6237,36.23,51.48,48.52,79.35,19.93,0.72,0.0,99.62,0.0,68.48,31.52,16.0,9.0,1.78,8839.0,70.56,0,7354.24,70.4
2023,tutaza,1561,38.43,52.4,47.6,93.27,6.15,0.58,0.0,99.94,0.0,88.42,11.58,9.0,7.0,1.29,2142.0,72.88,0,2799.45,73.37
2023,umbita,5588,38.6,48.41,51.59,91.57,7.19,1.23,0.0,99.95,0.0,83.07,16.93,21.0,20.0,1.05,7954.0,70.25,0,7041.5,72.31
2023,ventaquemada,12729,34.83,50.27,49.73,83.58,15.92,0.49,0.0,99.82,0.0,81.6,18.4,10.0,10.0,1.0,16856.0,75.52,0,13548.64,67.38
2023,villa de leyva,15063,34.48,51.21,48.79,59.73,39.2,1.08,0.0,99.5,0.0,48.95,51.05,7.0,6.0,1.17,17466.0,86.24,1,15712.88,79.66
2023,viracacha,2158,40.34,48.89,51.11,93.37,6.39,0.23,0.0,100.0,0.0,81.81,18.19,9.0,7.0,1.29,2985.0,72.29,0,3380.77,71.92
2023,zetaquira,3959,38.93,49.15,50.85,90.0,8.99,1.01,0.0,99.82,0.0,71.24,28.76,17.0,12.0,1.42,4896.0,80.86,2,5268.45,77.35
